location_id,country,region_state,city,zip_code,risk_score,created_at
LOC-84f4e2d8,Germany,State-7,City-89,86662,8.84,2025-06-11 21:59:04
LOC-0a109388,USA,State-9,City-80,90664,58.1,2025-01-18 06:57:03
LOC-dd642930,USA,State-26,City-88,85416,11.67,2025-05-28 01:29:35
LOC-bc13d22b,India,State-19,City-82,31502,61.32,2025-08-18 08:29:18
LOC-413c7b7d,Germany,State-18,City-75,98196,65.99,2025-11-23 09:12:13
LOC-02649b9f,Canada,State-23,City-80,83287,52.99,2025-02-07 09:22:28
LOC-13c290d5,Australia,State-44,City-132,31634,15.17,2025-11-04 20:58:51
LOC-55b65c9b,UK,State-35,City-87,48553,1.37,2025-04-15 23:48:26
LOC-b61693b0,Germany,State-48,City-7,35379,36.88,2025-03-24 08:44:24
LOC-8edf9c2e,UK,State-21,City-113,53099,23.63,2025-11-19 22:34:20
LOC-6ba67fd5,Australia,State-3,City-44,78665,98.58,2025-06-14 16:27:50
LOC-67c16213,Brazil,State-50,City-109,84755,95.63,2025-09-10 15:24:16
LOC-fc35c25d,India,State-18,City-80,33259,73.73,2025-04-27 00:28:45
LOC-a1ffcdc3,USA,State-10,City-184,62553,58.33,2025-10-15 17:16:26
LOC-b991b23e,India,State-15,City-162,31654,71.62,2025-10-29 08:04:29
LOC-42f077ce,USA,State-21,City-48,60889,6.17,2025-08-01 19:48:21
LOC-b788f269,Germany,State-11,City-63,69357,79.99,2025-04-16 18:12:40
LOC-c282ae8b,UK,State-34,City-12,65589,42.24,2025-01-18 07:39:55
LOC-3c00f361,UK,State-12,City-91,48190,46.26,2025-07-27 09:33:53
LOC-b44b74d4,Australia,State-34,City-4,79064,64.63,2025-05-03 16:14:19
LOC-4da04564,Australia,State-32,City-91,90045,13.98,2025-01-29 07:54:04
LOC-23ad3054,India,State-13,City-173,64042,65.75,2025-07-20 03:34:12
LOC-460eecaa,USA,State-25,City-83,83921,26.72,2025-07-13 20:45:25
LOC-83279d75,USA,State-28,City-186,56006,59.59,2025-04-08 14:26:45
LOC-74740fc8,UK,State-50,City-70,89790,89.58,2025-08-01 22:24:55
LOC-93c99f4c,USA,State-18,City-135,71795,48.97,2025-12-01 10:37:02
LOC-30d83bdf,Germany,State-1,City-7,39047,71.64,2025-11-20 15:30:08
LOC-f3ff77e2,UK,State-23,City-168,74633,86.44,2025-08-14 23:19:38
LOC-6064870a,Australia,State-33,City-158,65580,22.3,2025-09-18 09:51:28
LOC-5d932561,Brazil,State-42,City-5,21870,69.87,2025-06-02 13:35:56
LOC-a68b7253,India,State-7,City-182,45860,3.34,2025-08-23 17:21:49
LOC-877b626a,USA,State-16,City-87,83892,54.01,2025-10-21 02:30:08
LOC-f7696ceb,India,State-2,City-116,55693,43.92,2025-05-05 22:28:16
LOC-07a9fdfc,UK,State-12,City-179,18976,75.55,2025-08-22 07:09:51
LOC-997eee18,Brazil,State-11,City-50,79088,17.05,2025-10-10 20:08:19
LOC-da79560d,Australia,State-17,City-44,21918,15.68,2025-03-18 18:34:11
LOC-4de0e202,USA,State-39,City-170,81497,46.53,2025-12-06 18:21:19
LOC-60f1b573,Brazil,State-46,City-1,21717,9.79,2025-02-26 23:22:50
LOC-f96db5b3,USA,State-16,City-90,15873,47.39,2025-06-28 15:55:50
LOC-ed021b08,Australia,State-12,City-62,62847,21.39,2025-03-29 13:11:50
LOC-3620b57e,UK,State-1,City-98,88485,38.91,2025-02-09 19:31:57
LOC-c57153d6,Australia,State-22,City-149,82158,18.72,2025-11-19 14:08:07
LOC-2f2334ae,Canada,State-48,City-78,59972,66.21,2025-02-02 03:44:59
LOC-7fce00c0,Germany,State-47,City-63,46127,14.0,2025-09-04 02:14:35
LOC-dc9d0bd1,Canada,State-42,City-52,72744,98.71,2025-11-09 02:15:04
LOC-c56d5a22,UK,State-30,City-74,16609,0.15,2025-05-19 10:58:12
LOC-a7298753,USA,State-2,City-186,35693,65.85,2025-03-08 17:08:40
LOC-c9a380de,Canada,State-29,City-61,41862,88.78,2025-01-22 23:43:29
LOC-1de04e9c,Australia,State-37,City-65,89097,5.76,2025-05-10 02:12:43
LOC-d4f70f6a,UK,State-49,City-44,84737,86.87,2025-03-15 14:34:30
LOC-556404d2,Germany,State-1,City-62,60678,27.89,2025-04-04 07:22:39
LOC-9a1c4409,Canada,State-20,City-185,65399,8.13,2025-07-19 04:52:06
LOC-36a0330b,UK,State-4,City-174,60944,96.23,2025-04-08 07:09:14
LOC-ad215727,Germany,State-35,City-155,74012,73.57,2025-07-08 08:43:56
LOC-b8b2623e,Canada,State-30,City-135,21578,54.73,2025-01-25 06:14:40
LOC-3fd58e4d,Brazil,State-41,City-65,97662,99.39,2025-04-16 04:38:06
LOC-cdca5209,Canada,State-44,City-69,97814,62.98,2025-08-29 11:27:40
LOC-dc16e400,UK,State-6,City-3,33577,98.74,2025-08-24 07:30:31
LOC-395b8e36,India,State-28,City-45,91795,64.1,2025-02-11 12:53:05
LOC-4768c96c,USA,State-30,City-58,92440,84.27,2025-12-16 23:37:58
LOC-a5582c55,India,State-28,City-183,29185,58.82,2025-05-09 04:12:58
LOC-e595f120,India,State-20,City-167,76572,64.99,2025-02-08 09:25:34
LOC-a95a72fe,Brazil,State-28,City-147,27409,84.43,2025-12-06 01:54:21
LOC-638e9635,Australia,State-9,City-4,21401,99.34,2025-09-15 00:50:16
LOC-0b1a9eeb,UK,State-37,City-150,29571,65.34,2025-10-25 06:42:18
LOC-83049761,Australia,State-26,City-112,49597,75.82,2025-04-22 07:52:50
LOC-e5a39dc4,UK,State-3,City-180,69332,8.8,2025-12-22 09:47:03
LOC-52ae7aa1,Australia,State-26,City-87,35061,68.04,2025-07-12 21:14:43
LOC-34920858,UK,State-14,City-26,53025,51.36,2025-02-15 07:02:16
LOC-a570f6c6,Germany,State-41,City-199,49520,91.49,2025-07-21 10:38:01
LOC-57f1a996,Germany,State-38,City-56,64508,60.61,2025-04-26 10:24:32
LOC-3aeadf56,India,State-5,City-67,50398,24.14,2025-02-22 13:13:12
LOC-b5fd0b42,Australia,State-14,City-151,58261,67.1,2025-11-09 13:43:54
LOC-4d451559,USA,State-5,City-13,11056,46.81,2025-05-31 04:24:18
LOC-75600a45,UK,State-16,City-6,82591,57.2,2025-07-10 07:35:12
LOC-caefbec9,India,State-35,City-114,46685,14.02,2025-04-08 09:37:45
LOC-632ef681,Brazil,State-11,City-149,19980,0.25,2025-02-19 09:23:13
LOC-f7999768,UK,State-18,City-11,42114,95.26,2025-07-03 04:18:14
LOC-84af5b5c,UK,State-6,City-15,35025,12.4,2025-01-04 02:40:16
LOC-5ec1c3cf,Brazil,State-49,City-125,77881,6.15,2025-08-04 05:30:33
LOC-bce28929,Brazil,State-23,City-188,81210,56.76,2025-10-29 04:46:26
LOC-e2d6f34f,Brazil,State-15,City-29,64222,24.57,2025-12-23 10:11:29
LOC-d9a8287a,Germany,State-38,City-57,14467,53.68,2025-04-12 20:21:22
LOC-d0e59f53,Canada,State-33,City-54,26234,97.14,2025-03-10 14:42:27
LOC-600406d3,Australia,State-11,City-25,49863,5.77,2025-01-03 18:04:36
LOC-ab2d0790,USA,State-23,City-75,97765,85.53,2025-02-02 15:53:48
LOC-7fa2ec94,USA,State-8,City-10,48713,27.95,2025-10-18 01:00:01
LOC-6e7c6095,Brazil,State-50,City-186,96819,23.99,2025-12-10 13:52:19
LOC-6ffda588,Brazil,State-42,City-9,37611,77.48,2025-05-01 08:00:03
LOC-5d44e8e7,USA,State-23,City-118,97179,93.31,2025-06-27 18:14:55
LOC-27774ae7,Brazil,State-22,City-133,71002,9.85,2025-04-23 13:09:34
LOC-ea836eff,USA,State-19,City-46,43004,78.04,2025-01-21 14:35:41
LOC-9b01476b,Australia,State-7,City-5,74880,26.54,2025-12-27 14:51:15
LOC-bde2f0d3,Brazil,State-36,City-27,10167,25.76,2025-07-31 15:43:52
LOC-fc7026ee,India,State-27,City-101,46277,43.68,2025-03-02 10:02:08
LOC-640c9ec3,UK,State-4,City-70,41800,34.0,2025-05-14 08:18:38
LOC-05a624a6,Germany,State-4,City-20,77092,64.1,2025-11-29 12:07:52
LOC-ff37f3a9,Australia,State-38,City-42,14930,43.85,2025-02-14 11:59:37
LOC-68a72809,Australia,State-19,City-83,38517,11.23,2025-11-29 04:10:12
LOC-4b33de50,UK,State-36,City-107,14113,60.75,2025-06-11 19:45:07
LOC-73c1a505,Canada,State-24,City-77,14886,87.06,2025-11-04 05:36:49
LOC-38588177,Australia,State-4,City-168,12448,54.18,2025-08-11 08:17:13
LOC-a3ee6d60,Germany,State-49,City-28,46997,73.34,2025-12-23 12:44:29
LOC-d518b793,Germany,State-37,City-159,19139,62.59,2025-10-29 14:47:54
LOC-328d2b25,India,State-47,City-60,69447,25.38,2025-09-15 16:00:42
LOC-6bf383a2,UK,State-49,City-78,71111,21.84,2025-02-28 23:09:01
LOC-772908ad,Germany,State-22,City-99,71259,73.43,2025-04-21 21:23:05
LOC-49941e81,Brazil,State-21,City-172,85814,22.88,2025-08-12 02:34:32
LOC-f9171876,Brazil,State-28,City-95,30439,27.68,2025-12-22 12:14:02
LOC-cc8383e2,Canada,State-38,City-140,66675,65.03,2025-06-06 12:58:48
LOC-ccc67d92,UK,State-38,City-107,50282,68.14,2025-08-18 01:44:56
LOC-bde3423a,Germany,State-3,City-45,36066,22.83,2025-11-08 03:55:06
LOC-cc04ed9c,India,State-44,City-187,63811,88.55,2025-05-07 06:54:29
LOC-ce4b8a21,Canada,State-38,City-156,95871,56.35,2025-08-09 10:06:39
LOC-b4e5cb81,UK,State-47,City-180,70584,64.57,2025-06-22 22:35:58
LOC-1ed21e17,USA,State-37,City-74,32374,59.92,2025-02-04 09:13:03
LOC-79d1d492,Germany,State-41,City-193,37777,1.87,2025-08-17 07:07:17
LOC-266be6ea,USA,State-22,City-10,96775,82.72,2025-03-27 04:16:33
LOC-e992dd9e,Australia,State-14,City-89,58358,83.54,2025-01-10 19:52:52
LOC-2956b3dd,Canada,State-16,City-191,79530,57.08,2025-05-13 09:08:33
LOC-da7596ef,India,State-21,City-30,46909,18.97,2025-09-28 18:19:18
LOC-05184a47,UK,State-49,City-169,57806,69.33,2025-01-20 11:48:43
LOC-5e6a9bd7,UK,State-12,City-194,77250,63.29,2025-05-06 06:07:35
LOC-67bc485a,UK,State-16,City-29,62729,13.01,2025-05-08 10:42:59
LOC-e7a13bd7,USA,State-28,City-85,28877,7.35,2025-02-24 00:23:47
LOC-96a7dd54,Germany,State-13,City-56,53606,83.7,2025-06-02 13:45:43
LOC-43363537,Brazil,State-19,City-143,66705,77.46,2025-02-01 15:07:03
LOC-014d957f,Australia,State-3,City-129,34777,94.35,2025-01-07 16:08:48
LOC-4dc0a431,Canada,State-25,City-99,10660,19.47,2025-10-10 20:06:25
LOC-dc72268c,Australia,State-46,City-48,19936,99.0,2025-06-14 12:58:42
LOC-d403ea40,Australia,State-18,City-130,43451,51.68,2025-05-18 01:29:50
LOC-0108658d,Brazil,State-9,City-33,18775,79.91,2025-03-27 20:17:28
LOC-dc1beea9,Canada,State-29,City-168,99060,62.23,2025-12-01 13:52:18
LOC-236dcd3f,USA,State-17,City-171,21331,86.54,2025-12-21 21:23:32
LOC-ddb64ba8,Canada,State-49,City-64,67476,42.01,2025-04-04 06:13:31
LOC-7fcbac1a,Brazil,State-27,City-106,26130,88.83,2025-08-30 08:07:01
LOC-947ed53a,Germany,State-49,City-64,24658,84.46,2025-12-22 14:46:13
LOC-9fc8d221,USA,State-50,City-57,23526,14.7,2025-08-17 01:43:54
LOC-1d63b081,India,State-21,City-129,31327,37.66,2025-07-05 21:22:17
LOC-5aebf3d5,Australia,State-3,City-195,78513,50.53,2025-04-06 05:42:25
LOC-818fa7d9,Brazil,State-38,City-170,83524,79.3,2025-07-13 04:19:23
LOC-55c80bd5,Brazil,State-19,City-2,70962,75.01,2025-08-02 04:40:06
LOC-4ecfc8fd,Brazil,State-37,City-25,86475,64.5,2025-11-19 11:35:37
LOC-aea00c1d,Brazil,State-2,City-121,95866,40.67,2025-03-31 08:27:30
LOC-abbebdf1,Canada,State-46,City-174,76723,60.46,2025-04-15 14:36:29
LOC-63a5f8e9,Australia,State-5,City-159,93931,13.63,2025-02-17 03:28:18
LOC-b5805164,Australia,State-15,City-193,78324,41.33,2025-04-27 22:36:40
LOC-ad51ecf9,Australia,State-27,City-53,40125,33.35,2025-11-09 13:24:50
LOC-88998565,Australia,State-41,City-200,33309,21.37,2025-06-01 07:15:33
LOC-a477267c,Australia,State-38,City-142,29318,58.63,2025-07-25 07:42:38
LOC-1e9e79f2,Australia,State-47,City-177,44222,30.67,2025-06-03 02:49:24
LOC-4d873e80,UK,State-7,City-44,86785,66.68,2025-07-20 11:46:49
LOC-b4cf1833,Canada,State-31,City-86,83175,44.67,2025-07-08 10:42:47
LOC-921956ad,UK,State-17,City-2,16164,16.13,2025-03-06 08:08:48
LOC-50d2dec1,Australia,State-2,City-141,99525,92.01,2025-07-13 23:36:57
LOC-e2e59223,USA,State-4,City-118,39273,86.07,2025-11-30 17:32:43
LOC-d45af869,India,State-22,City-26,69365,62.8,2025-04-28 03:23:17
LOC-ae35b23b,UK,State-20,City-119,12139,25.66,2025-08-25 01:38:45
LOC-0318ac49,USA,State-17,City-79,47079,24.42,2025-01-09 22:46:05
LOC-491c8201,UK,State-1,City-126,58559,54.91,2025-04-03 12:38:52
LOC-4eb61ea4,Brazil,State-6,City-135,33989,27.0,2025-09-20 05:38:52
LOC-cba85eb9,Canada,State-12,City-88,35272,75.52,2025-12-04 00:05:38
LOC-88d83608,Canada,State-34,City-149,53032,31.61,2025-08-19 17:48:38
LOC-3e547c5d,USA,State-41,City-84,73765,55.79,2025-02-24 18:36:13
LOC-f002c469,USA,State-34,City-156,15917,53.12,2025-12-23 03:39:26
LOC-d8a41123,USA,State-1,City-196,76509,38.41,2025-01-26 04:07:58
LOC-8ee8ab91,Brazil,State-44,City-104,89574,1.79,2025-06-09 14:37:44
LOC-4c3ac5c1,Australia,State-27,City-135,20707,8.59,2025-07-17 05:17:40
LOC-d2b0ba1d,Germany,State-19,City-136,40517,15.04,2025-12-07 21:42:22
LOC-2f7105eb,USA,State-28,City-178,22339,24.79,2025-10-14 21:08:33
LOC-fa41507d,India,State-46,City-65,71644,88.51,2025-08-07 23:40:35
LOC-2d0eff6a,Germany,State-27,City-164,63815,15.77,2025-02-06 19:22:07
LOC-d6b686ac,UK,State-3,City-73,40390,66.44,2025-03-28 14:27:45
LOC-fb9e2a0d,Australia,State-14,City-151,79489,74.75,2025-05-15 11:16:11
LOC-566fe368,India,State-48,City-116,70819,47.15,2025-10-26 02:40:37
LOC-7369f69f,India,State-4,City-139,82584,44.34,2025-03-28 21:43:35
LOC-dbd4c7e1,Canada,State-20,City-104,76450,87.73,2025-05-26 05:35:03
LOC-f4598036,India,State-2,City-18,96906,29.09,2025-06-23 13:27:04
LOC-3dac9255,USA,State-44,City-123,25823,93.88,2025-10-07 22:15:43
LOC-00c457cf,Brazil,State-37,City-26,50598,89.29,2025-10-23 04:37:30
LOC-8cb669d9,Germany,State-19,City-57,90855,83.71,2025-02-10 10:56:06
LOC-7ff2900d,UK,State-23,City-190,34057,71.41,2025-03-29 10:15:49
LOC-01ed82bc,USA,State-25,City-74,18457,41.51,2025-04-20 13:51:37
LOC-de48308a,Germany,State-13,City-94,22571,28.05,2025-10-03 07:07:37
LOC-38dbb36a,Germany,State-18,City-194,99496,23.26,2025-08-22 23:35:38
LOC-ec16386c,Australia,State-25,City-135,17104,75.34,2025-03-17 04:16:14
LOC-28c4d699,UK,State-8,City-86,79481,25.77,2025-11-20 09:10:13
LOC-cf600c7b,USA,State-47,City-81,20714,91.32,2025-01-14 03:13:58
LOC-96c414f0,Germany,State-38,City-199,32903,32.29,2025-03-27 17:04:14
LOC-936e7f62,India,State-42,City-152,18479,9.76,2025-02-23 06:36:41
LOC-0f169bce,Canada,State-11,City-47,57527,83.39,2025-05-06 23:05:29
LOC-85fecdf3,USA,State-26,City-195,47639,77.12,2025-07-25 17:00:48
LOC-dfae7da5,Australia,State-18,City-50,78149,68.37,2025-12-03 01:10:32
LOC-e0710143,Australia,State-22,City-121,95389,38.58,2025-09-26 13:42:18
LOC-7fdbee47,Australia,State-19,City-196,52507,60.55,2025-07-03 19:48:41
LOC-3c9de340,USA,State-43,City-43,92134,61.5,2025-03-14 05:06:13
LOC-35f5ea92,India,State-47,City-165,44147,64.92,2025-04-15 23:34:53
LOC-f5dc9598,UK,State-41,City-149,28993,15.07,2025-12-28 05:57:11
LOC-50c1b68c,Australia,State-40,City-24,92770,98.25,2025-04-09 09:39:13
LOC-13894132,UK,State-44,City-48,13668,29.84,2025-12-18 19:04:24
LOC-0c3cb31b,USA,State-16,City-181,57526,53.09,2025-06-22 21:05:14
LOC-74e4ccd2,USA,State-12,City-71,49205,4.84,2025-04-25 16:15:50
LOC-c7a6d73c,Brazil,State-8,City-124,58579,97.54,2025-06-04 18:01:16
LOC-86fa3485,UK,State-49,City-51,15117,39.13,2025-10-02 10:11:07
LOC-c26bba24,Germany,State-9,City-64,93011,65.48,2025-03-26 04:30:31
LOC-06a0367b,Brazil,State-35,City-60,66075,31.34,2025-02-28 16:07:00
LOC-b9ebd36d,Canada,State-24,City-154,31193,3.12,2025-06-13 12:02:11
LOC-5a1b20ec,Canada,State-41,City-139,35581,99.82,2025-01-12 09:21:34
LOC-d9b02f0f,Germany,State-5,City-24,57938,81.8,2025-08-29 21:50:21
LOC-ed94abfe,Canada,State-20,City-20,80076,78.0,2025-02-04 03:10:37
LOC-83296d19,UK,State-32,City-130,63697,76.09,2025-06-02 14:54:22
LOC-c82be980,India,State-13,City-61,63947,46.12,2025-12-31 07:57:35
LOC-641fbc89,Canada,State-29,City-177,77177,28.53,2025-07-14 13:14:06
LOC-b10117e4,India,State-33,City-154,63630,28.35,2025-04-24 20:50:32
LOC-e77e34e1,Canada,State-21,City-94,58597,61.98,2025-04-12 14:47:48
LOC-267acacb,Brazil,State-39,City-130,14014,52.87,2025-06-29 14:58:33
LOC-a03b7877,Canada,State-4,City-61,13482,42.23,2025-11-01 09:30:54
LOC-4627167d,India,State-44,City-55,13312,49.16,2025-11-30 00:11:30
LOC-99283d68,USA,State-5,City-27,81947,13.12,2025-08-20 23:04:51
LOC-3f097453,India,State-32,City-35,28757,7.88,2025-06-30 00:51:59
LOC-dcf31c02,USA,State-45,City-114,31598,47.68,2025-04-13 06:19:34
LOC-4fd1932a,Germany,State-41,City-1,51055,88.79,2025-07-24 17:28:37
LOC-c7141c29,Australia,State-40,City-140,22207,28.09,2025-07-25 18:43:34
LOC-d3ab1708,Brazil,State-37,City-59,17687,24.18,2025-10-19 02:13:05
LOC-9e23ae07,Australia,State-40,City-56,33855,21.77,2025-12-07 11:56:36
LOC-c693799e,Canada,State-7,City-8,47018,84.13,2025-07-16 18:25:53
LOC-f9ac4258,India,State-30,City-194,89558,92.42,2025-03-24 20:57:03
LOC-d0fda29f,Germany,State-8,City-166,44908,22.35,2025-03-27 11:32:17
LOC-08f22427,Canada,State-35,City-193,72028,61.72,2025-01-23 09:49:34
LOC-46054bb2,Canada,State-23,City-117,75132,90.75,2025-08-05 16:22:38
LOC-cd026bb9,UK,State-3,City-89,82636,26.46,2025-03-17 22:24:35
LOC-ee8a7dca,Australia,State-9,City-167,96656,31.32,2025-10-21 14:37:57
LOC-6c5b9813,Canada,State-22,City-37,45150,96.79,2025-01-18 04:18:22
LOC-c3c81b58,UK,State-43,City-49,12208,87.89,2025-09-20 06:36:05
LOC-3b21e70a,Canada,State-7,City-68,85293,70.3,2025-01-11 21:32:36
LOC-6a512612,Canada,State-20,City-147,23671,2.68,2025-12-02 05:54:19
LOC-269cd536,Australia,State-28,City-43,40517,23.59,2025-02-07 14:28:41
LOC-d9d4b171,Germany,State-39,City-131,59389,98.23,2025-11-02 03:32:54
LOC-748d120f,Australia,State-45,City-200,70882,9.26,2025-12-13 06:40:10
LOC-f439a61c,Canada,State-15,City-173,98385,18.27,2025-09-04 04:18:47
LOC-aa57dc44,Brazil,State-13,City-7,59088,26.38,2025-05-13 12:01:49
LOC-d0129860,UK,State-32,City-119,62534,91.2,2025-11-09 09:16:51
LOC-2ab084c8,Canada,State-48,City-122,81035,90.87,2025-04-01 20:24:19
LOC-97da11a2,India,State-6,City-183,74169,89.25,2025-08-23 02:58:30
LOC-bfd4cee7,Canada,State-37,City-197,92539,61.03,2025-12-23 13:55:31
LOC-833870a8,UK,State-21,City-199,38238,62.78,2025-07-23 01:32:15
LOC-f6f328db,Canada,State-15,City-198,78493,48.29,2025-09-21 23:58:03
LOC-25e066ea,USA,State-39,City-102,48336,36.31,2025-09-23 21:47:02
LOC-2c8094ea,India,State-26,City-154,17790,97.44,2025-02-14 15:30:55
LOC-6c618663,USA,State-36,City-198,41930,5.16,2025-02-21 22:43:59
LOC-49ea1cfe,Brazil,State-39,City-156,53457,41.38,2025-10-23 08:30:03
LOC-eba19d73,India,State-32,City-117,18178,81.88,2025-01-28 21:32:18
LOC-2a2499b9,Brazil,State-5,City-105,52395,60.53,2025-05-31 08:34:18
LOC-680522ca,Brazil,State-48,City-169,98056,13.27,2025-01-31 08:18:00
LOC-d6bf7729,India,State-4,City-142,32011,82.89,2025-06-06 21:34:12
LOC-917a860d,Germany,State-9,City-199,45254,81.94,2025-03-06 22:54:44
LOC-c06692c0,Canada,State-27,City-30,80960,40.31,2025-11-10 14:31:25
LOC-4b8d1c37,Brazil,State-19,City-172,29802,93.69,2025-09-20 13:51:11
LOC-c2efc3c8,UK,State-42,City-2,46008,42.07,2025-02-07 15:05:57
LOC-3977a3eb,Germany,State-41,City-190,62931,82.22,2025-12-02 19:08:09
LOC-97067127,UK,State-26,City-148,97431,53.03,2025-02-14 01:12:26
LOC-e505c3de,Brazil,State-2,City-109,58249,15.63,2025-03-24 21:22:41
LOC-45ac4cc5,UK,State-26,City-150,69492,55.44,2025-03-22 12:12:50
LOC-fb1bb053,UK,State-37,City-73,77153,6.32,2025-12-20 13:44:08
LOC-7fbd6c63,Germany,State-6,City-70,30930,14.6,2025-10-08 10:03:33
LOC-34ae71bf,Germany,State-16,City-13,34717,33.35,2025-04-09 19:51:59
LOC-b8fbff33,USA,State-31,City-31,90043,92.22,2025-04-06 21:58:23
LOC-f2978d12,USA,State-27,City-193,71017,19.05,2025-04-07 14:33:59
LOC-ae3f7a19,Canada,State-20,City-110,35942,70.7,2025-08-04 06:37:11
LOC-143c88f4,Germany,State-18,City-54,40589,90.53,2025-04-28 15:30:14
LOC-061ded48,India,State-28,City-172,97555,85.76,2025-02-23 06:10:01
LOC-30601ebf,Brazil,State-33,City-168,67790,38.58,2025-07-20 09:07:40
LOC-b58f4610,Brazil,State-39,City-67,12008,46.51,2025-09-02 07:53:16
LOC-0247b570,USA,State-24,City-104,41070,67.47,2025-04-08 18:28:29
LOC-1b8658cc,Germany,State-9,City-34,94670,27.7,2025-02-02 22:25:10
LOC-4f9d71cd,UK,State-19,City-10,27774,40.45,2025-01-26 05:30:56
LOC-f3ce8a81,Brazil,State-39,City-98,31872,69.34,2025-12-11 20:10:49
LOC-969feb0d,Brazil,State-47,City-105,19892,56.8,2025-08-23 04:53:40
LOC-dff79baf,Australia,State-10,City-62,65416,11.89,2025-03-29 00:10:09
LOC-8747f3db,Canada,State-22,City-18,37322,92.88,2025-04-18 03:46:30
LOC-c108dc64,Brazil,State-19,City-190,94847,50.59,2025-12-07 10:22:53
LOC-aaa7431e,Germany,State-29,City-47,90801,54.88,2025-06-18 14:20:42
LOC-db9675c7,Brazil,State-13,City-74,21618,80.05,2025-08-24 09:57:33
LOC-25b53290,Germany,State-3,City-160,79180,20.93,2025-03-10 01:47:32
LOC-402caf20,UK,State-27,City-85,93095,70.07,2025-04-04 13:12:52
LOC-64f62878,India,State-33,City-91,22738,14.68,2025-08-27 22:07:32
LOC-8684adad,Australia,State-47,City-28,68882,56.07,2025-05-28 05:41:40
LOC-f2f46e18,Australia,State-10,City-28,34910,86.28,2025-03-19 21:13:55
LOC-5afd925b,Germany,State-21,City-146,41323,10.19,2025-07-15 23:15:31
LOC-f9e067b2,Germany,State-7,City-149,66235,80.96,2025-02-07 00:45:35
LOC-5c2409f4,Canada,State-9,City-111,38635,36.66,2025-07-09 21:39:31
LOC-697ff28e,Brazil,State-49,City-184,72768,2.88,2025-01-15 22:54:14
LOC-ea473a6e,Australia,State-24,City-29,95643,28.89,2025-02-18 08:39:10
LOC-64653407,Canada,State-29,City-151,53912,84.27,2025-06-21 14:49:05
LOC-706c77fe,UK,State-2,City-182,78785,92.45,2025-07-12 00:43:16
LOC-f8d454b1,Canada,State-32,City-79,62921,84.32,2025-01-28 09:15:23
LOC-d8c5f4b1,UK,State-40,City-37,69533,38.81,2025-03-30 02:33:25
LOC-5ff48cb1,UK,State-24,City-105,29550,60.61,2025-04-20 12:47:18
LOC-513e6961,Germany,State-47,City-138,65128,89.95,2025-12-14 17:10:34
LOC-3d4cd9ef,Germany,State-13,City-132,72830,58.33,2025-10-04 20:33:38
LOC-ffd7dd44,Brazil,State-14,City-64,30420,10.73,2025-06-30 23:09:16
LOC-48e82ab6,Brazil,State-30,City-148,40085,18.53,2025-10-07 16:31:55
LOC-eecbe22c,Brazil,State-48,City-97,72120,5.69,2025-12-08 09:08:45
LOC-ce4a4296,Canada,State-42,City-59,93425,29.91,2025-03-13 14:34:54
LOC-8775e463,UK,State-40,City-156,56995,19.2,2025-10-16 20:09:12
LOC-1be8e85f,UK,State-39,City-165,35644,45.34,2025-11-12 04:47:29
LOC-f80ae817,Australia,State-43,City-22,88246,31.72,2025-10-06 23:53:15
LOC-6cba9a9e,Brazil,State-8,City-153,79955,88.58,2025-01-17 02:56:55
LOC-99aaf806,Brazil,State-31,City-34,89383,85.66,2025-06-05 13:25:39
LOC-aa01b578,Australia,State-39,City-158,77455,24.32,2025-07-09 15:15:28
LOC-43f6e045,UK,State-28,City-138,87715,92.35,2025-08-01 13:44:20
LOC-9c1e63c7,India,State-10,City-102,70870,33.25,2025-01-22 10:31:06
LOC-969b31b5,Australia,State-34,City-102,35075,91.45,2025-10-03 16:16:05
LOC-a6dd0fec,Germany,State-34,City-161,88412,31.87,2025-06-06 01:37:07
LOC-d0569c4e,India,State-43,City-98,20952,81.37,2025-09-22 17:09:32
LOC-74da0c82,USA,State-44,City-150,75765,63.48,2025-04-26 22:12:34
LOC-df8eae24,Canada,State-10,City-108,51679,66.26,2025-11-06 16:23:43
LOC-f065418c,Australia,State-37,City-137,27007,84.33,2025-06-23 10:53:33
LOC-d86ef5fa,Brazil,State-29,City-200,92581,35.23,2025-12-10 08:08:28
LOC-040cbf83,UK,State-34,City-3,44271,38.57,2025-03-01 01:19:59
LOC-2bd5119a,Australia,State-12,City-162,71568,24.15,2025-06-02 20:11:39
LOC-17f4a5ee,USA,State-43,City-116,46516,84.45,2025-07-04 01:07:17
LOC-eba51c5e,Canada,State-9,City-4,17042,65.18,2025-12-09 14:00:21
LOC-3558bc30,Canada,State-14,City-9,78112,26.98,2025-11-11 14:14:05
LOC-b131791c,Australia,State-29,City-172,11390,64.39,2025-08-15 13:39:26
LOC-81c3ea2a,India,State-11,City-51,33409,31.59,2025-03-25 07:35:51
LOC-23317d11,Brazil,State-41,City-87,21916,95.78,2025-01-02 01:48:51
LOC-2593a777,India,State-35,City-75,20190,78.52,2025-05-07 10:35:51
LOC-1cf0d444,Australia,State-3,City-72,47146,88.99,2025-08-06 14:14:44
LOC-57450b07,Australia,State-29,City-185,91071,56.26,2025-02-24 02:27:09
LOC-2660647f,Germany,State-36,City-68,58429,63.13,2025-12-14 17:13:11
LOC-0f49977c,Canada,State-43,City-117,82848,99.17,2025-10-06 23:57:39
LOC-3cc70fe6,India,State-27,City-189,28629,75.98,2025-05-10 11:30:44
LOC-463dffae,India,State-25,City-42,63351,73.36,2025-02-14 12:40:22
LOC-2872ae01,India,State-39,City-70,67103,28.82,2025-05-04 23:06:36
LOC-45655d60,UK,State-11,City-185,17138,29.4,2025-10-18 01:46:00
LOC-80e448ed,Canada,State-9,City-27,46095,37.78,2025-11-18 23:08:49
LOC-ddbe305f,Germany,State-8,City-114,26698,15.43,2025-05-14 06:08:30
LOC-c14d8ec0,India,State-15,City-17,25185,35.05,2025-08-27 10:57:51
LOC-b5c9d2d0,Brazil,State-43,City-66,35885,96.49,2025-03-28 14:53:34
LOC-16a734c5,Brazil,State-34,City-62,89021,62.51,2025-08-25 09:16:22
LOC-1c330740,India,State-35,City-122,18614,9.93,2025-04-23 16:29:15
LOC-763959fc,UK,State-50,City-182,75377,74.37,2025-04-14 20:18:13
LOC-ad87ab39,Germany,State-31,City-112,89328,49.43,2025-12-13 22:40:05
LOC-0ea5afc2,USA,State-40,City-112,13985,37.15,2025-03-16 16:20:43
LOC-1800e7c2,USA,State-48,City-43,35976,51.22,2025-11-15 06:11:31
LOC-68b98b84,Germany,State-47,City-113,34842,48.59,2025-09-10 05:16:05
LOC-5a8d6433,Australia,State-6,City-128,25069,77.74,2025-12-31 08:45:39
LOC-3a1e0a08,USA,State-42,City-60,30896,90.3,2025-12-16 19:10:02
LOC-b38a7470,India,State-34,City-148,95717,88.67,2025-12-14 11:48:34
LOC-a159da24,Germany,State-11,City-81,89834,21.12,2025-10-23 17:58:07
LOC-048cd394,USA,State-42,City-132,63475,61.37,2025-11-25 08:19:18
LOC-c0bbd395,UK,State-2,City-5,99815,42.38,2025-09-28 14:46:44
LOC-5eb7a182,Brazil,State-14,City-145,73318,70.63,2025-05-14 05:08:29
LOC-6134232d,Germany,State-13,City-1,68073,66.46,2025-06-03 23:19:56
LOC-9cdbe36d,USA,State-14,City-20,80317,31.95,2025-04-17 17:47:29
LOC-a303ad4b,UK,State-25,City-88,56949,18.2,2025-07-30 18:04:49
LOC-bd287a7e,USA,State-50,City-43,37418,78.21,2025-02-23 16:40:56
LOC-f5c4d251,USA,State-6,City-133,63847,82.44,2025-01-13 01:37:15
LOC-5ad3b58d,Canada,State-42,City-26,80957,53.26,2025-12-03 22:37:10
LOC-8e2b9c7f,USA,State-9,City-132,62376,64.67,2025-04-25 20:05:17
LOC-72ff54c7,Canada,State-50,City-67,41582,73.6,2025-05-29 04:39:14
LOC-33cfa382,India,State-32,City-173,40095,47.12,2025-02-15 19:39:33
LOC-ddb5db61,Canada,State-45,City-145,52102,84.28,2025-10-31 18:16:34
LOC-a2f6b98a,India,State-3,City-44,91791,10.3,2025-09-14 14:38:56
LOC-9179bc5c,Australia,State-48,City-197,27651,46.58,2025-02-19 13:52:57
LOC-b4c7d3cc,UK,State-21,City-44,40980,58.78,2025-08-16 01:27:27
LOC-cfc46702,Australia,State-50,City-1,94541,2.57,2025-01-11 00:43:45
LOC-6d6cd56d,Brazil,State-16,City-144,72594,37.56,2025-12-28 05:42:44
LOC-220eb756,India,State-20,City-34,29615,92.05,2025-06-22 06:49:49
LOC-45fb365c,India,State-49,City-162,66807,11.21,2025-02-06 06:38:40
LOC-b7cf53bf,USA,State-4,City-118,37975,92.21,2025-10-26 11:58:25
LOC-b3665603,UK,State-10,City-45,55099,63.81,2025-12-04 20:26:13
LOC-0d1b0397,Brazil,State-46,City-174,92576,42.86,2025-05-10 19:09:49
LOC-24be9348,Australia,State-2,City-77,85059,67.05,2025-05-01 02:28:33
LOC-33a7693f,Germany,State-36,City-10,80470,15.84,2025-04-20 23:11:33
LOC-829e57d8,Germany,State-17,City-154,46281,75.72,2025-11-26 04:12:29
LOC-7f3fbb38,Canada,State-25,City-13,35499,14.0,2025-11-25 04:02:23
LOC-26b53033,UK,State-50,City-147,74741,64.63,2025-04-21 08:04:51
LOC-62993d57,Canada,State-12,City-161,16503,82.22,2025-11-03 16:40:25
LOC-4397a8ff,Australia,State-46,City-172,79243,79.91,2025-07-14 23:17:40
LOC-7be4132c,Canada,State-39,City-110,99664,45.48,2025-09-30 08:54:19
LOC-9e788122,Australia,State-21,City-53,43010,30.09,2025-10-09 02:36:44
LOC-d5a141c1,Australia,State-46,City-85,99246,82.02,2025-03-02 21:33:26
LOC-7fcd7791,India,State-50,City-103,53107,77.02,2025-02-08 09:52:50
LOC-dcc481ee,India,State-19,City-85,74196,44.04,2025-11-08 14:29:48
LOC-dc6ac702,UK,State-40,City-122,41140,6.78,2025-09-01 13:02:31
LOC-520d9daa,Germany,State-49,City-100,54075,70.78,2025-06-27 08:52:24
LOC-ab224a06,USA,State-3,City-60,24303,96.81,2025-01-08 00:31:20
LOC-1889705a,India,State-39,City-129,77485,43.47,2025-06-08 07:12:54
LOC-6f48c5ce,Canada,State-49,City-90,54788,57.33,2025-11-28 11:38:44
LOC-8c692ad6,Australia,State-37,City-98,15429,72.07,2025-02-24 23:07:56
LOC-e85fac93,Canada,State-4,City-48,20296,47.7,2025-05-24 14:10:05
LOC-9bf01c61,Canada,State-11,City-79,21043,8.82,2025-09-12 16:20:02
LOC-eeaf30a4,India,State-38,City-129,51257,84.13,2025-02-11 12:04:11
LOC-ef7c9523,UK,State-40,City-153,35865,67.55,2025-05-14 10:18:13
LOC-5af6ff26,UK,State-17,City-169,10926,91.16,2025-07-17 14:42:19
LOC-f2a2555d,India,State-48,City-5,91763,17.31,2025-12-31 06:22:13
LOC-1c1964e7,India,State-49,City-26,89804,65.91,2025-05-25 23:18:54
LOC-8d5c297e,Brazil,State-20,City-47,21808,49.69,2025-06-17 13:09:06
LOC-9c3010ac,Australia,State-43,City-140,78596,17.63,2025-12-10 08:05:28
LOC-2ece5595,Australia,State-45,City-6,58304,86.64,2025-08-17 02:11:26
LOC-76fa44a8,Canada,State-8,City-20,92055,34.4,2025-06-02 23:00:00
LOC-bd7116d9,UK,State-34,City-114,91722,10.36,2025-10-17 11:40:47
LOC-e707a38c,USA,State-4,City-178,53719,92.2,2025-12-02 15:06:51
LOC-8c3f7350,Brazil,State-28,City-84,15996,84.31,2025-03-12 17:14:14
LOC-c661e842,India,State-10,City-150,62965,40.23,2025-09-07 13:41:07
LOC-fad91988,Canada,State-21,City-60,39186,31.49,2025-11-22 17:03:10
LOC-82701f00,UK,State-35,City-126,18368,73.94,2025-11-29 12:12:23
LOC-328e6a2d,Australia,State-35,City-38,67420,42.87,2025-07-03 01:49:33
LOC-a7d37f5d,Brazil,State-3,City-127,76451,40.69,2025-11-29 13:13:42
LOC-bfaf2f3c,India,State-42,City-26,65357,56.47,2025-07-02 22:49:40
LOC-befa9e42,UK,State-17,City-198,26749,6.93,2025-02-13 14:21:21
LOC-ae406adf,Canada,State-19,City-194,82968,54.52,2025-10-16 23:27:05
LOC-32da5a80,Germany,State-38,City-198,29721,85.63,2025-04-25 07:53:14
LOC-bc614971,UK,State-7,City-32,72471,5.34,2025-10-19 10:57:41
LOC-904bbcbe,India,State-2,City-72,57130,44.21,2025-10-14 18:55:49
LOC-c79a65a4,Brazil,State-5,City-118,51947,18.14,2025-08-23 12:45:09
LOC-ddf62f66,Germany,State-31,City-42,85963,49.48,2025-10-19 01:38:18
LOC-71f0ab66,USA,State-25,City-61,63708,31.64,2025-02-15 08:38:22
LOC-c3e5d8bf,UK,State-16,City-12,14816,98.17,2025-10-04 23:11:05
LOC-b7f54442,Canada,State-39,City-46,25227,68.48,2025-03-17 02:10:40
LOC-41d31cea,Germany,State-7,City-135,68354,48.89,2025-03-28 04:53:25
LOC-3f7a4d9d,Australia,State-12,City-76,95559,34.89,2025-10-02 07:45:23
LOC-11b63f8c,India,State-10,City-64,86033,10.63,2025-02-22 12:55:57
LOC-6a846b94,Australia,State-10,City-111,28936,32.81,2025-08-28 06:17:09
LOC-78c17c99,USA,State-44,City-157,58491,73.17,2025-08-12 19:51:13
LOC-525cb698,USA,State-29,City-146,88824,90.88,2025-01-09 21:08:36
LOC-3af7255f,UK,State-13,City-55,40824,25.12,2025-11-09 06:54:30
LOC-05ae6204,Canada,State-25,City-113,17192,24.45,2025-01-01 20:01:01
LOC-4c4ee307,Brazil,State-21,City-5,93308,75.16,2025-06-29 03:16:30
LOC-bd46c9d4,Australia,State-26,City-114,67397,93.33,2025-10-02 14:39:07
LOC-eb4ed6c9,USA,State-29,City-50,93037,61.24,2025-01-10 02:13:21
LOC-f7d45eff,Brazil,State-40,City-4,17224,8.12,2025-08-15 17:22:50
LOC-7f575a5d,Canada,State-42,City-101,82240,29.33,2025-09-17 00:09:15
LOC-411bd343,USA,State-16,City-191,52107,69.15,2025-04-21 21:09:01
LOC-5a992245,Australia,State-5,City-120,12109,63.61,2025-02-08 15:05:57
LOC-28d27c20,Brazil,State-26,City-42,12967,67.47,2025-01-15 21:33:55
LOC-70e89506,USA,State-12,City-88,72579,91.06,2025-11-28 01:08:36
LOC-c5397349,UK,State-7,City-195,62424,33.13,2025-12-29 17:28:24
LOC-9616bff7,Germany,State-23,City-104,76434,86.8,2025-03-05 08:34:48
LOC-1ac9c5b9,UK,State-29,City-181,35677,9.05,2025-11-13 09:48:48
LOC-96f12b0e,India,State-37,City-4,96498,36.88,2025-08-13 20:21:32
LOC-398971cf,India,State-44,City-1,72005,28.36,2025-04-06 08:39:27
LOC-d234d229,UK,State-12,City-42,10781,24.12,2025-08-18 16:00:54
LOC-eae5e20e,Brazil,State-24,City-11,96002,54.46,2025-12-06 19:02:32
LOC-3fa3569e,USA,State-34,City-50,13309,4.73,2025-10-01 19:24:10
LOC-ec7720a0,Brazil,State-5,City-174,57928,45.25,2025-02-19 06:11:25
LOC-741381a1,India,State-47,City-179,38531,79.38,2025-07-30 00:20:27
LOC-224d7c2a,Australia,State-39,City-192,83118,44.28,2025-02-08 05:04:20
LOC-d129d1de,Germany,State-22,City-70,47673,86.77,2025-06-24 10:23:33
LOC-3746ec76,Germany,State-43,City-68,39399,46.31,2025-06-28 10:10:53
LOC-116ea0ae,USA,State-40,City-159,77941,45.25,2025-05-31 02:09:11
LOC-0ee05c97,USA,State-26,City-157,88194,3.49,2025-05-01 05:41:50
LOC-da91c8a1,Brazil,State-23,City-81,84139,32.01,2025-01-01 00:05:03
LOC-a9985f69,USA,State-20,City-147,83740,14.74,2025-12-19 17:16:08
LOC-dd7c6fc9,USA,State-11,City-21,24292,35.0,2025-07-19 19:12:35
LOC-0c059606,India,State-26,City-151,11031,46.93,2025-02-27 05:04:52
LOC-de4e4b89,UK,State-19,City-64,25955,88.52,2025-08-15 02:17:46
LOC-5ce9a8d4,UK,State-45,City-127,52470,74.57,2025-09-22 03:42:46
LOC-ad427cf5,UK,State-32,City-88,11184,40.34,2025-01-19 16:00:36
LOC-0ee38933,UK,State-29,City-34,76888,11.25,2025-09-29 05:15:48
LOC-76499b39,Brazil,State-25,City-144,28034,25.0,2025-09-29 02:49:18
LOC-340731a7,India,State-1,City-28,58055,64.97,2025-01-24 00:28:40
LOC-4681251d,Germany,State-17,City-134,34866,73.16,2025-03-28 12:32:20
LOC-fec0631a,USA,State-5,City-34,82549,77.85,2025-03-13 10:27:09
LOC-96b5d43b,India,State-29,City-186,13477,49.53,2025-06-09 16:54:30
LOC-5ee15323,India,State-41,City-147,69446,75.68,2025-10-03 07:19:40
LOC-9dfb84de,Australia,State-41,City-67,59430,84.26,2025-12-03 09:36:20
LOC-96a63f7a,Germany,State-49,City-155,25988,19.15,2025-03-24 00:45:41
LOC-9a78660f,India,State-6,City-43,27221,85.3,2025-12-15 04:36:25
LOC-1adb49bb,India,State-41,City-39,61062,40.0,2025-01-23 21:17:44
LOC-3408f3a3,India,State-28,City-164,93851,13.01,2025-02-02 02:08:46
LOC-9fdd4c85,Brazil,State-47,City-47,32946,13.9,2025-04-12 18:50:19
LOC-ff3cf948,Germany,State-41,City-119,35794,71.52,2025-11-16 08:57:06
LOC-092d21c3,USA,State-18,City-192,57452,30.57,2025-02-14 20:08:58
LOC-102464ea,Canada,State-11,City-146,96117,87.22,2025-07-17 22:09:26
LOC-076dd500,India,State-3,City-77,88122,72.55,2025-01-11 18:48:48
LOC-3e2da244,USA,State-21,City-134,36182,74.93,2025-06-13 01:21:27
LOC-c4d5e7c9,Brazil,State-35,City-159,13635,94.29,2025-10-06 21:12:04
LOC-9da0db3e,USA,State-12,City-6,38663,96.97,2025-12-06 18:14:09
LOC-d6baa030,Brazil,State-8,City-153,62636,42.51,2025-06-09 14:08:12
LOC-177378cf,USA,State-27,City-36,99679,62.27,2025-10-08 19:02:45
LOC-8edd4f38,Australia,State-4,City-59,75210,87.38,2025-09-13 02:09:03
LOC-98fb1e67,Germany,State-36,City-3,47169,76.01,2025-09-12 12:28:01
LOC-2a124ee3,UK,State-16,City-22,79306,80.63,2025-09-14 05:06:12
LOC-e495d99f,UK,State-16,City-3,46667,70.39,2025-09-01 16:10:45
LOC-cad91faa,Brazil,State-5,City-190,82250,23.79,2025-09-02 20:17:43
LOC-911b22ec,Brazil,State-3,City-109,99341,4.39,2025-08-18 22:53:02
LOC-f190bfd2,India,State-39,City-19,63098,92.81,2025-01-25 17:51:39
LOC-6803b520,Canada,State-6,City-143,25180,66.4,2025-04-05 10:23:37
LOC-1e4cb349,Australia,State-30,City-155,62818,32.23,2025-09-29 13:03:47
LOC-1aaa3f3d,Canada,State-20,City-77,14984,87.92,2025-05-29 15:51:14
LOC-c1b0424e,Canada,State-7,City-180,14362,98.57,2025-09-20 05:49:56
LOC-918e59dd,Canada,State-8,City-90,54645,93.59,2025-10-07 11:35:50
LOC-6d1c47f4,India,State-11,City-91,85051,12.03,2025-09-13 16:40:14
LOC-48870241,Australia,State-44,City-39,44791,10.9,2025-01-13 18:07:08
LOC-d0234f62,India,State-28,City-4,88091,76.09,2025-06-30 19:05:28
LOC-b1b93835,India,State-45,City-185,17143,46.26,2025-11-04 03:24:38
LOC-e3e9220a,Australia,State-31,City-86,68944,90.71,2025-06-25 01:23:11
LOC-b53f303a,Australia,State-28,City-145,39409,17.04,2025-02-06 23:43:14
LOC-339a62a9,India,State-11,City-22,52808,40.0,2025-10-17 05:28:18
LOC-a4240ac6,Australia,State-46,City-49,39307,85.96,2025-09-09 22:45:33
LOC-921f301c,Brazil,State-8,City-184,44554,28.9,2025-10-14 06:46:55
LOC-61c1f753,Germany,State-27,City-81,52742,38.44,2025-02-11 01:41:30
LOC-b3facb79,Brazil,State-28,City-40,66470,67.85,2025-12-16 10:21:42
LOC-b6e51eeb,UK,State-13,City-189,58363,36.11,2025-01-10 04:34:45
LOC-ac08b136,Germany,State-6,City-103,22526,6.51,2025-08-18 03:34:55
LOC-48b6b2bf,Germany,State-29,City-123,70479,79.53,2025-10-22 08:05:46
LOC-b93d43c4,India,State-40,City-26,89451,44.9,2025-01-29 20:35:47
LOC-2be31b6d,USA,State-41,City-44,49451,66.78,2025-08-08 07:13:05
LOC-99ea43d1,Brazil,State-4,City-68,99011,54.9,2025-11-15 21:38:20
LOC-85d141c0,Canada,State-2,City-100,44712,58.84,2025-07-15 19:47:44
LOC-e0860362,India,State-22,City-146,54467,79.65,2025-12-13 22:06:36
LOC-96dce660,Australia,State-42,City-78,12544,0.82,2025-11-16 02:39:59
LOC-95c4073c,USA,State-28,City-156,35622,32.67,2025-07-12 11:41:00
LOC-0f0e8c9d,UK,State-10,City-121,23766,42.73,2025-07-31 09:01:19
LOC-907d2f9f,Australia,State-2,City-166,92165,14.91,2025-11-11 18:39:07
LOC-7c0c7c98,UK,State-3,City-165,49437,48.03,2025-03-11 15:43:53
LOC-63736c1c,Australia,State-29,City-157,61887,98.24,2025-11-12 21:51:28
LOC-ca6a8499,USA,State-14,City-86,86344,33.18,2025-03-28 00:24:28
LOC-e8c1251d,Germany,State-12,City-67,17834,99.7,2025-05-07 19:37:37
LOC-62734c86,USA,State-40,City-150,10588,13.68,2025-06-29 06:07:59
LOC-2d359ca6,Brazil,State-28,City-188,14330,44.85,2025-10-15 00:33:54
LOC-cd80b94d,Brazil,State-4,City-187,14181,90.88,2025-12-11 15:33:36
LOC-7f120669,UK,State-16,City-30,65152,83.33,2025-04-16 19:03:07
LOC-808f3335,Brazil,State-26,City-106,63790,15.07,2025-04-21 00:12:11
LOC-f52866cf,Brazil,State-42,City-48,58813,42.06,2025-11-25 02:10:36
LOC-26a8856e,USA,State-11,City-102,73001,69.86,2025-04-21 01:06:09
LOC-58ac3dd3,Brazil,State-18,City-158,29820,65.15,2025-07-18 12:11:18
LOC-186535d8,Germany,State-36,City-94,27700,24.44,2025-12-28 00:01:01
LOC-496c33be,Brazil,State-39,City-35,69332,53.35,2025-03-07 08:05:49
LOC-e925b874,India,State-15,City-44,70405,31.19,2025-05-26 06:27:03
LOC-61fab0ee,Germany,State-7,City-105,94897,33.7,2025-01-17 02:37:39
LOC-88dfd0ae,India,State-45,City-189,87209,11.25,2025-11-06 11:53:42
LOC-dc8200af,USA,State-45,City-16,87472,41.07,2025-08-06 16:19:44
LOC-a81739a3,India,State-10,City-109,24668,27.53,2025-06-16 23:26:48
LOC-55bc30d0,India,State-47,City-90,90412,98.86,2025-04-06 10:36:53
LOC-5be8f3dc,USA,State-10,City-196,59311,32.04,2025-01-05 21:12:56
LOC-eb2be329,UK,State-25,City-174,28984,81.6,2025-07-03 03:09:06
LOC-ede87c01,Canada,State-1,City-54,42514,22.58,2025-10-10 18:05:37
LOC-01c42c6f,Germany,State-43,City-14,51436,41.47,2025-12-19 15:36:33
LOC-b4d7d354,Australia,State-8,City-182,68260,8.84,2025-07-07 20:27:44
LOC-80e656ae,Brazil,State-18,City-176,43950,98.03,2025-09-06 04:12:32
LOC-1f8ad90f,Canada,State-3,City-12,57835,43.26,2025-02-10 11:31:29
LOC-1b753479,India,State-33,City-165,33584,31.63,2025-07-03 19:33:19
LOC-16159358,UK,State-13,City-99,93890,81.21,2025-11-27 17:46:54
LOC-e7dfab11,USA,State-50,City-33,13654,10.37,2025-03-29 03:20:02
LOC-2864dbb0,UK,State-12,City-30,59144,52.71,2025-06-21 03:35:41
LOC-9b4f5e73,Australia,State-6,City-12,23338,66.94,2025-12-23 12:43:01
LOC-05c2e393,Australia,State-9,City-52,87896,77.25,2025-03-03 06:05:12
LOC-08e53989,USA,State-3,City-26,88513,48.14,2025-03-13 20:37:35
LOC-1a2c8ff8,Canada,State-7,City-34,33445,86.95,2025-09-07 04:39:43
LOC-ea3838a6,Australia,State-27,City-31,99545,19.4,2025-03-30 21:18:59
LOC-3bfd01a1,India,State-7,City-79,84791,16.84,2025-11-29 09:51:01
LOC-5890a68e,Canada,State-11,City-133,69274,54.35,2025-07-27 22:22:57
LOC-32c89e37,Canada,State-18,City-65,83472,70.02,2025-12-23 04:14:10
LOC-bd8b42ff,India,State-25,City-16,59569,54.71,2025-12-26 19:28:47
LOC-e42d8d44,Canada,State-31,City-5,79364,24.58,2025-11-26 03:54:45
LOC-adcafb37,USA,State-3,City-41,34551,23.48,2025-09-07 14:32:08
LOC-f2e56171,Canada,State-23,City-144,84473,23.19,2025-08-15 19:24:35
LOC-9c558612,UK,State-8,City-171,65928,94.03,2025-02-12 22:29:51
LOC-de45b305,Germany,State-26,City-123,59405,20.76,2025-01-21 04:15:11
LOC-6a3819ee,Germany,State-30,City-55,14066,53.92,2025-01-04 07:15:55
LOC-6c250564,Australia,State-17,City-148,11913,93.43,2025-01-14 14:14:54
LOC-734b761c,Germany,State-36,City-95,47331,23.06,2025-01-24 00:45:44
LOC-d431297d,Canada,State-42,City-124,59275,95.32,2025-11-25 00:09:47
LOC-4620551e,India,State-45,City-101,71082,92.42,2025-04-03 03:58:41
LOC-68d218b1,Canada,State-43,City-49,16581,81.06,2025-04-16 18:54:34
LOC-b819169e,UK,State-23,City-90,85699,82.8,2025-10-31 17:54:33
LOC-84e7072a,UK,State-3,City-121,84837,8.43,2025-02-04 02:23:58
LOC-d2e74105,Australia,State-26,City-88,10603,60.18,2025-04-03 02:59:21
LOC-0c8e8a1f,UK,State-43,City-9,51961,60.84,2025-03-21 12:00:31
LOC-d870c2ff,Brazil,State-45,City-2,38280,52.78,2025-05-20 12:13:29
LOC-782aa271,Germany,State-28,City-194,88302,66.28,2025-03-23 13:36:05
LOC-7d41c3d7,Australia,State-15,City-14,20750,14.3,2025-11-09 17:57:52
LOC-1d21da87,Germany,State-28,City-106,27983,30.01,2025-05-12 13:02:27
LOC-4b296547,Brazil,State-18,City-49,49062,5.23,2025-01-24 00:12:35
LOC-09cd6708,USA,State-22,City-50,71301,47.89,2025-12-12 02:42:09
LOC-0d930599,Canada,State-1,City-18,66114,54.46,2025-11-12 00:56:42
LOC-aaa16d43,India,State-49,City-173,60549,31.34,2025-08-29 19:04:14
LOC-8629d146,India,State-11,City-111,15192,86.22,2025-01-27 02:54:21
LOC-60330ee4,Brazil,State-20,City-49,91587,52.6,2025-04-26 12:28:40
LOC-fe9791ff,Brazil,State-36,City-171,97080,79.87,2025-01-23 09:24:13
LOC-7b5e347e,Brazil,State-26,City-99,50815,85.3,2025-02-17 10:02:40
LOC-81ecbafc,Canada,State-32,City-164,52432,81.65,2025-03-14 08:54:15
LOC-754b54b1,USA,State-11,City-16,55195,27.09,2025-11-25 03:51:06
LOC-41a8db44,Canada,State-3,City-47,15849,19.48,2025-09-19 02:38:49
LOC-8002d466,Canada,State-46,City-163,75731,11.31,2025-05-21 04:21:34
LOC-60628989,UK,State-41,City-105,52264,97.72,2025-03-25 06:33:53
LOC-75e34ded,Canada,State-35,City-53,93427,71.55,2025-03-15 02:04:48
LOC-12bc3d88,Australia,State-13,City-163,81421,8.45,2025-04-20 20:46:52
LOC-31a61ee0,USA,State-34,City-139,56076,9.17,2025-08-22 09:21:58
LOC-a5c97d0a,Australia,State-48,City-86,29932,9.88,2025-08-16 01:23:43
LOC-12518ab6,UK,State-40,City-113,75172,21.53,2025-05-08 02:43:37
LOC-88159ccd,Germany,State-19,City-181,17452,0.42,2025-02-16 11:36:16
LOC-3792d5cf,UK,State-10,City-125,60927,40.0,2025-11-05 21:41:52
LOC-6117bc8c,Australia,State-34,City-116,77232,40.56,2025-07-08 08:19:15
LOC-6f0cc1d5,Germany,State-18,City-109,99788,62.92,2025-11-18 04:49:46
LOC-b39f4335,Australia,State-46,City-43,56470,35.25,2025-11-04 06:49:06
LOC-40bca5a7,Canada,State-27,City-73,75610,91.77,2025-05-21 06:02:50
LOC-605df8eb,UK,State-14,City-147,45981,91.02,2025-06-14 13:25:20
LOC-91cba28e,USA,State-29,City-91,72462,0.56,2025-10-28 21:48:51
LOC-960d56a0,USA,State-3,City-78,32840,88.96,2025-03-01 11:57:03
LOC-bbaef12e,USA,State-33,City-86,39471,83.82,2025-11-17 06:45:40
LOC-87bf162e,Brazil,State-12,City-43,46523,9.23,2025-04-07 22:45:16
LOC-4b70123d,Brazil,State-20,City-36,92356,27.06,2025-07-19 02:41:11
LOC-99519f5f,Canada,State-30,City-175,14684,88.26,2025-02-11 14:37:09
LOC-ec2cf68a,Australia,State-47,City-145,49727,86.84,2025-03-20 20:25:37
LOC-1a93ff5b,Germany,State-39,City-36,43114,60.05,2025-11-15 07:27:10
LOC-243e2f48,Canada,State-38,City-12,67123,44.96,2025-07-08 01:49:21
LOC-74fcb170,Canada,State-2,City-138,25379,56.86,2025-05-10 05:08:52
LOC-d3298b69,Brazil,State-8,City-172,49586,50.13,2025-05-23 11:17:37
LOC-9b286f1f,Canada,State-42,City-152,55702,33.51,2025-03-12 17:21:05
LOC-aedc6867,Canada,State-37,City-180,94292,81.18,2025-08-10 06:57:47
LOC-38ad64e0,India,State-4,City-179,62154,66.63,2025-03-08 06:11:22
LOC-6fb2d5c6,UK,State-24,City-54,16174,53.36,2025-10-20 06:39:53
LOC-7a7836d5,USA,State-49,City-89,70482,95.39,2025-06-21 17:02:52
LOC-3c7a8933,Canada,State-9,City-179,39667,93.85,2025-09-30 07:36:49
LOC-32d44bfa,Germany,State-6,City-100,76091,40.56,2025-11-17 12:51:19
LOC-e2f8678f,USA,State-11,City-70,86590,93.14,2025-05-18 13:52:21
LOC-a72a75a9,India,State-22,City-151,19129,2.74,2025-10-22 03:14:28
LOC-798dc4bd,Brazil,State-19,City-145,93084,28.68,2025-07-28 21:32:03
LOC-5c0ec44c,India,State-28,City-177,47912,43.64,2025-04-06 01:54:47
LOC-5aca2f8d,UK,State-5,City-28,45695,44.81,2025-12-05 20:15:35
LOC-14dddf13,Australia,State-26,City-59,27494,42.35,2025-08-01 01:05:18
LOC-65ebf05b,Canada,State-47,City-171,63245,32.52,2025-10-08 11:31:38
LOC-9c412782,Brazil,State-38,City-193,43433,57.93,2025-04-15 00:04:35
LOC-a795146a,Australia,State-4,City-48,89104,69.46,2025-12-10 02:34:49
LOC-2ef942d8,Australia,State-19,City-119,83343,33.15,2025-07-15 11:21:11
LOC-a07f1493,Australia,State-45,City-116,10384,7.29,2025-04-25 06:41:43
LOC-f80c060d,UK,State-50,City-93,76113,31.17,2025-11-07 13:22:55
LOC-008a804d,Australia,State-44,City-136,56715,30.29,2025-02-08 20:48:12
LOC-eaa937b7,UK,State-26,City-180,62588,90.48,2025-08-13 18:51:30
LOC-05be9a5b,USA,State-17,City-30,41272,46.7,2025-11-15 10:18:18
LOC-fd6cf2b5,Brazil,State-3,City-163,38194,49.34,2025-09-21 02:42:27
LOC-032d722b,Germany,State-23,City-138,75584,37.05,2026-01-01 15:10:55
LOC-e2181e03,India,State-30,City-151,98147,61.57,2025-02-21 17:47:08
LOC-082875ee,Brazil,State-40,City-153,91237,41.09,2025-10-30 21:23:43
LOC-b6bf2610,India,State-7,City-81,27361,95.78,2025-11-16 07:17:07
LOC-68539f9a,Brazil,State-26,City-24,65395,5.0,2025-11-18 13:56:49
LOC-8dac4aac,Australia,State-39,City-107,17428,22.26,2025-01-04 19:02:09
LOC-443d0f58,Australia,State-19,City-190,16553,72.46,2025-10-19 06:35:30
LOC-a9a1605c,Canada,State-20,City-142,58001,96.69,2025-12-26 23:49:40
LOC-95a48908,Brazil,State-44,City-89,46231,29.6,2025-09-26 19:12:34
LOC-768a9143,Germany,State-35,City-140,80132,55.62,2025-12-20 16:40:30
LOC-b02bba3b,USA,State-29,City-87,46308,62.54,2025-11-21 14:48:57
LOC-23a69005,Canada,State-20,City-114,29031,11.41,2025-01-12 20:43:17
LOC-df23b9da,Brazil,State-31,City-168,73489,36.89,2025-10-20 17:51:26
LOC-5d97b9a1,Australia,State-8,City-46,83060,6.26,2025-10-26 20:33:46
LOC-2ed3249f,India,State-34,City-43,73929,68.19,2025-06-04 16:36:50
LOC-ba8633fa,Australia,State-23,City-71,30178,36.06,2025-11-18 05:44:47
LOC-46226c32,Canada,State-10,City-12,14363,31.29,2025-04-30 14:58:11
LOC-a8b7e3ec,Canada,State-16,City-167,90142,38.05,2025-12-12 01:49:49
LOC-c00cf998,Canada,State-26,City-180,68003,15.9,2025-12-14 04:04:17
LOC-b5c64ff8,Canada,State-41,City-27,62907,17.88,2025-09-02 05:28:08
LOC-f8b9c4ee,UK,State-33,City-121,22326,78.59,2025-01-08 06:41:42
LOC-95d0704c,USA,State-49,City-20,59819,6.66,2025-03-17 12:16:02
LOC-57a2bd30,Canada,State-35,City-77,55967,65.33,2025-10-24 22:05:03
LOC-01d7fc46,UK,State-6,City-1,11753,40.36,2025-12-27 00:21:09
LOC-957045a7,USA,State-33,City-142,19187,98.3,2025-06-24 04:57:44
LOC-0d5638e3,Australia,State-33,City-67,85798,35.82,2025-12-26 23:47:25
LOC-97f236ec,India,State-49,City-92,79737,85.34,2025-10-20 21:47:20
LOC-e1316420,UK,State-43,City-54,79317,20.48,2025-03-23 07:18:16
LOC-23247fba,Germany,State-18,City-61,42584,46.42,2025-03-27 19:54:48
LOC-1282c979,Australia,State-20,City-130,85570,40.46,2025-12-12 08:28:29
LOC-02038e6a,USA,State-2,City-145,57542,37.99,2025-12-13 02:13:27
LOC-4f27a645,Australia,State-5,City-70,92381,74.53,2025-05-07 01:42:26
LOC-95419244,India,State-9,City-85,12938,6.78,2025-02-20 16:07:57
LOC-e67b0500,India,State-37,City-131,10898,31.9,2025-06-01 18:52:50
LOC-58abb29d,UK,State-28,City-39,35321,73.11,2025-07-07 14:48:48
LOC-85db4531,Australia,State-11,City-163,37299,29.38,2025-07-09 04:28:00
LOC-85135e21,Germany,State-1,City-107,45485,44.73,2026-01-01 19:37:08
LOC-53826e70,USA,State-17,City-24,18879,94.44,2025-11-24 00:53:12
LOC-70047f67,UK,State-39,City-187,57179,61.46,2025-01-21 00:38:53
LOC-3abecb9e,USA,State-17,City-133,66863,66.65,2025-03-22 06:42:44
LOC-3e688a6f,India,State-17,City-23,44372,95.96,2025-03-04 04:26:22
LOC-06b2fc8b,UK,State-40,City-83,76638,53.37,2025-10-30 20:52:15
LOC-5fe1e974,India,State-40,City-162,21769,91.13,2025-07-26 05:00:21
LOC-51e8b734,India,State-26,City-85,47792,75.6,2025-03-13 15:31:51
LOC-6ee1bae0,USA,State-23,City-129,40615,86.19,2025-06-03 23:01:53
LOC-1dd3ce3b,USA,State-6,City-92,19837,84.42,2025-06-23 10:48:22
LOC-0807c040,India,State-18,City-103,90083,75.48,2025-04-17 07:44:19
LOC-f59f11a8,India,State-50,City-30,81831,18.64,2025-11-27 14:19:03
LOC-736f28f6,India,State-31,City-18,28971,76.39,2025-07-09 18:48:39
LOC-938a089f,UK,State-9,City-89,71603,10.72,2025-07-20 17:38:31
LOC-b32f3530,India,State-15,City-11,98631,99.51,2025-05-13 07:08:02
LOC-8876cdff,USA,State-3,City-109,53200,40.48,2025-10-15 11:04:04
LOC-ac8f947f,Canada,State-16,City-192,66609,85.73,2025-04-03 01:06:06
LOC-543c217b,Australia,State-6,City-34,76256,52.43,2025-01-11 04:28:12
LOC-84c4160d,India,State-36,City-75,91044,3.42,2025-05-13 08:52:34
LOC-9c8ab4fd,Brazil,State-30,City-9,44358,5.91,2025-10-12 21:51:27
LOC-0cfa58b3,Canada,State-20,City-53,52695,32.32,2025-11-07 05:25:01
LOC-811e93c2,Brazil,State-49,City-133,15175,83.54,2025-04-15 13:41:57
LOC-09b9aab1,India,State-42,City-93,58495,89.97,2025-10-21 16:12:01
LOC-82d44532,Brazil,State-48,City-43,90133,67.19,2025-11-22 13:45:10
LOC-1a6fdbec,India,State-43,City-105,56775,86.53,2025-01-27 00:03:47
LOC-10d6ddc3,UK,State-40,City-19,81508,71.9,2025-10-02 06:47:15
LOC-11202daa,UK,State-37,City-1,40016,0.84,2025-04-23 01:51:07
LOC-90bfa0f5,Canada,State-31,City-69,73419,29.16,2025-08-02 09:47:02
LOC-c3a3c425,UK,State-6,City-14,31159,12.92,2025-05-26 08:08:37
LOC-a820732e,Brazil,State-14,City-36,55887,11.73,2025-04-23 18:34:32
LOC-ee926007,UK,State-40,City-147,68599,21.55,2025-09-17 04:54:32
LOC-43ef30f9,Brazil,State-26,City-59,75658,74.91,2025-04-14 01:30:43
LOC-684f760a,Australia,State-22,City-139,58047,73.33,2025-10-21 12:32:39
LOC-a502c4c1,Brazil,State-14,City-152,25977,40.92,2025-08-23 21:37:20
LOC-331e2d8c,Brazil,State-22,City-21,82205,77.35,2025-11-01 00:00:32
LOC-6df117ac,UK,State-32,City-54,89433,0.42,2025-04-12 13:33:29
LOC-b75504ce,USA,State-5,City-20,11774,86.87,2025-09-25 21:29:17
LOC-c5de9796,Germany,State-28,City-158,51462,0.06,2025-07-10 23:01:50
LOC-84152bb4,Canada,State-24,City-41,86952,24.37,2025-05-21 15:16:12
LOC-1db868b8,Brazil,State-8,City-28,16820,10.79,2025-11-15 11:06:22
LOC-02bc9e97,Brazil,State-46,City-101,79526,59.45,2025-11-10 01:28:15
LOC-e7a9085c,UK,State-17,City-99,81192,27.55,2025-07-30 11:42:47
LOC-65ba11ef,USA,State-47,City-191,88903,40.64,2025-12-23 15:17:50
LOC-0e5b8b27,Germany,State-6,City-39,77198,45.55,2025-05-13 05:16:53
LOC-a3f06e17,USA,State-50,City-35,48271,29.39,2025-07-25 14:49:23
LOC-08a0c0f8,Germany,State-22,City-168,27985,50.26,2025-03-20 14:23:11
LOC-baff2c8a,Canada,State-13,City-68,43926,96.06,2025-04-20 19:03:16
LOC-67f043ef,UK,State-37,City-40,60357,57.09,2025-03-17 23:15:18
LOC-bbf9e72b,Canada,State-2,City-185,90625,45.92,2025-06-01 03:11:40
LOC-f7fbd233,Australia,State-50,City-113,16412,5.85,2025-08-03 16:21:57
LOC-517f1c3a,USA,State-41,City-134,76736,62.39,2025-03-26 22:25:47
LOC-5f3db423,Germany,State-13,City-10,91221,20.45,2025-06-29 17:31:36
LOC-55fe41d8,Germany,State-48,City-195,77682,60.8,2025-05-29 04:51:46
LOC-37a76e13,Canada,State-48,City-25,36907,19.12,2025-03-05 09:04:48
LOC-ab7f1bbd,India,State-10,City-88,57935,33.95,2025-05-10 13:36:35
LOC-bb25647a,Canada,State-45,City-194,26144,73.8,2025-08-29 09:03:02
LOC-cb761bcd,USA,State-49,City-99,81559,90.09,2025-05-18 13:05:50
LOC-d1c2d27e,USA,State-16,City-106,42291,38.43,2025-12-07 05:27:49
LOC-d3c940dc,India,State-33,City-18,75188,27.95,2025-10-20 19:07:33
LOC-db3d1b47,Canada,State-22,City-16,31341,41.46,2025-07-25 11:24:11
LOC-68388744,Brazil,State-35,City-11,85885,45.91,2025-01-21 20:03:14
LOC-48055545,USA,State-29,City-77,72096,25.27,2025-10-25 01:19:42
LOC-e8d5c714,Brazil,State-1,City-184,58357,59.74,2025-05-07 00:43:22
LOC-88a191b6,Brazil,State-11,City-26,86685,37.31,2025-11-05 18:02:41
LOC-b8f74021,India,State-47,City-47,62194,0.91,2025-01-25 06:47:16
LOC-715ebadb,Brazil,State-40,City-4,84601,91.58,2025-07-13 03:32:10
LOC-9c2ba633,Germany,State-10,City-93,71746,37.37,2025-11-06 19:19:15
LOC-1ae1bb28,Canada,State-35,City-45,49698,68.91,2025-09-29 18:52:51
LOC-e2912708,Australia,State-35,City-41,22134,95.04,2025-06-07 23:48:51
LOC-1f5aa91b,USA,State-16,City-183,87203,89.26,2025-09-10 04:12:05
LOC-9f88ce57,Australia,State-38,City-117,94135,4.34,2025-08-20 01:13:02
LOC-6b64d48d,Australia,State-49,City-16,77590,62.84,2025-12-20 13:50:15
LOC-d9abcd35,Australia,State-7,City-105,18583,49.83,2025-08-21 21:17:39
LOC-129c46cf,UK,State-16,City-157,70673,55.52,2025-07-29 21:42:39
LOC-752d1987,Brazil,State-3,City-123,58210,80.4,2025-06-20 16:21:32
LOC-dbdc6b1c,India,State-28,City-6,48038,47.76,2025-12-06 03:22:55
LOC-2db70dfb,Canada,State-7,City-178,82601,2.54,2025-03-17 21:26:11
LOC-04c1cddc,Germany,State-50,City-188,50218,58.56,2025-08-23 23:24:05
LOC-03e95006,India,State-13,City-147,63241,12.73,2025-05-10 04:04:33
LOC-28bbfbd9,UK,State-44,City-116,22143,9.6,2025-01-16 05:02:43
LOC-8433d7ce,Canada,State-35,City-97,46040,84.01,2025-01-21 12:29:43
LOC-99c67356,Germany,State-18,City-123,12815,0.68,2025-12-15 14:45:01
LOC-68159c95,UK,State-48,City-22,59416,76.82,2025-04-05 10:44:31
LOC-5b4eafd7,Canada,State-16,City-162,24516,25.81,2025-12-10 04:01:04
LOC-d8c488b1,Brazil,State-42,City-3,18465,51.23,2025-01-19 12:34:30
LOC-016dd350,USA,State-4,City-180,97410,67.52,2025-10-21 15:57:51
LOC-dad51a2f,Brazil,State-1,City-157,32210,47.94,2025-09-25 04:11:44
LOC-50417cab,Australia,State-22,City-132,50429,17.02,2025-03-09 21:38:04
LOC-c6e4f0f1,Australia,State-23,City-196,14819,99.26,2025-07-19 17:16:23
LOC-fa077d8d,India,State-13,City-125,33238,1.26,2025-10-17 22:37:40
LOC-0c82c3ba,Canada,State-22,City-93,17334,80.13,2025-06-13 13:08:13
LOC-adf05302,UK,State-46,City-129,12599,31.86,2025-02-22 02:43:24
LOC-75437794,Brazil,State-34,City-45,86909,46.59,2025-01-12 17:32:05
LOC-23071934,USA,State-45,City-16,18629,38.66,2025-06-28 13:57:58
LOC-c77bfb32,Brazil,State-45,City-39,80043,25.42,2025-11-30 11:27:06
LOC-ea5c0f6f,UK,State-47,City-40,25549,11.35,2025-06-03 12:19:09
LOC-17eeb3af,Canada,State-20,City-92,53930,15.98,2025-02-10 06:22:31
LOC-ac81abcd,Australia,State-23,City-175,79338,92.57,2025-02-06 23:19:09
LOC-d56f6016,Australia,State-4,City-177,72134,57.64,2025-07-19 16:53:23
LOC-c47da7bc,India,State-38,City-91,79984,63.12,2025-12-20 17:22:59
LOC-dccbeb57,Australia,State-7,City-57,80501,53.07,2025-08-17 23:06:20
LOC-580815ca,UK,State-5,City-118,10287,89.1,2025-12-29 03:09:03
LOC-45673f85,USA,State-29,City-94,99178,33.19,2025-01-26 20:25:08
LOC-3eab1e70,Brazil,State-27,City-86,90323,87.64,2025-02-11 17:25:01
LOC-15c41438,USA,State-43,City-194,22976,58.37,2025-06-28 12:22:44
LOC-1cdb341f,UK,State-21,City-93,10147,78.24,2025-07-21 04:20:08
LOC-d42e072a,USA,State-34,City-81,92096,25.2,2025-09-04 20:42:40
LOC-325fe4ad,USA,State-35,City-102,53525,50.03,2025-12-18 00:57:18
LOC-975f00ff,UK,State-45,City-55,84752,86.67,2025-11-04 12:03:44
LOC-1e06ea81,UK,State-20,City-190,53251,79.87,2025-09-15 03:16:26
LOC-01824005,Australia,State-45,City-47,98856,4.08,2025-05-27 10:01:39
LOC-32872e71,Canada,State-12,City-51,59673,16.27,2025-02-23 21:47:03
LOC-22f0bef4,Germany,State-28,City-12,83287,66.34,2025-06-29 11:33:20
LOC-060ab820,Australia,State-34,City-6,31676,19.11,2025-02-09 19:07:34
LOC-2fce260e,Australia,State-46,City-29,69476,62.28,2025-12-20 05:17:49
LOC-80a427fb,India,State-24,City-116,22771,81.2,2025-11-23 22:09:11
LOC-6e1c86ca,USA,State-8,City-51,81943,45.47,2025-05-17 07:07:05
LOC-ec0afbb4,Germany,State-21,City-29,14611,35.23,2025-04-12 03:44:27
LOC-2d4a4fa0,USA,State-12,City-116,17403,2.59,2025-01-11 11:09:23
LOC-a1dbe6d1,Canada,State-41,City-64,58775,76.8,2025-06-07 06:07:20
LOC-b1f43f2c,Brazil,State-7,City-42,58746,57.9,2025-01-03 03:12:53
LOC-52fd5371,Germany,State-42,City-33,32819,19.36,2025-04-27 15:10:28
LOC-1bffa69b,UK,State-31,City-85,63320,94.71,2025-04-10 15:24:15
LOC-1090c3ac,UK,State-48,City-33,69376,82.11,2025-06-16 07:37:40
LOC-adfd467c,Brazil,State-25,City-43,86594,24.01,2025-06-03 11:41:14
LOC-bd2aca6c,India,State-46,City-137,82618,83.68,2025-05-25 04:39:50
LOC-23346fe8,Germany,State-49,City-196,22718,23.97,2025-09-18 08:14:23
LOC-14db06b0,Canada,State-32,City-194,14231,16.6,2025-07-05 04:41:28
LOC-7dd369e1,Brazil,State-33,City-191,95164,57.56,2025-11-10 08:47:04
LOC-d34d70f5,India,State-10,City-116,32136,69.2,2025-08-18 01:09:42
LOC-d2c11252,India,State-41,City-95,37295,75.61,2025-02-22 02:29:13
LOC-d5b7d7d7,Germany,State-1,City-144,59679,54.93,2025-05-15 04:52:38
LOC-9ecda4e8,Canada,State-50,City-91,31996,71.97,2025-09-17 06:58:56
LOC-b0354380,Australia,State-48,City-69,47212,60.3,2025-12-04 07:38:19
LOC-41394bf4,India,State-9,City-12,68933,0.65,2025-01-25 08:57:41
LOC-7f4dc2ef,India,State-4,City-84,95584,34.21,2025-07-12 11:13:54
LOC-739417cf,Canada,State-29,City-157,39867,5.58,2025-09-10 01:05:04
LOC-7e05b9b3,UK,State-23,City-140,84237,92.2,2025-01-31 04:39:41
LOC-767cd918,UK,State-12,City-3,73134,7.16,2025-12-07 17:20:47
LOC-ac802b87,Germany,State-38,City-117,27216,55.85,2025-05-18 15:23:55
LOC-eab93e8d,Canada,State-11,City-101,78492,47.87,2025-08-08 05:38:53
LOC-4ffaff92,Australia,State-34,City-44,31210,12.43,2025-01-17 19:31:11
LOC-bdf31f93,UK,State-24,City-13,96786,57.58,2025-12-11 00:00:32
LOC-4eb95855,Germany,State-34,City-141,51123,60.97,2025-10-20 17:18:47
LOC-958d97d1,Canada,State-16,City-126,92064,98.96,2025-05-04 20:03:14
LOC-91227c0b,Australia,State-2,City-175,38650,40.22,2025-02-28 03:50:42
LOC-0a1ce79d,Germany,State-24,City-84,23638,37.16,2025-10-29 01:00:32
LOC-badee866,Brazil,State-26,City-88,44415,20.71,2025-09-17 13:13:24
LOC-78073ae2,Australia,State-29,City-176,38736,10.94,2025-04-28 16:38:46
LOC-8deeefe4,UK,State-42,City-7,58734,8.5,2025-02-12 10:52:19
LOC-52a0a6b0,Brazil,State-26,City-191,89235,72.1,2025-06-08 10:40:52
LOC-08cd0aff,UK,State-36,City-196,91886,87.04,2025-04-02 16:17:34
LOC-0eee83bb,India,State-32,City-159,82263,70.25,2025-06-01 01:25:23
LOC-2b046c2e,Germany,State-4,City-160,84669,74.09,2025-04-10 06:48:51
LOC-a8e429f3,Australia,State-2,City-189,54953,3.34,2025-10-09 09:00:18
LOC-1ddc9633,UK,State-49,City-176,86604,97.38,2025-04-03 04:24:33
LOC-5c431c5c,Germany,State-28,City-86,16615,53.05,2025-02-05 12:37:59
LOC-c57fcc50,India,State-37,City-199,53598,21.86,2025-02-17 14:51:54
LOC-67918f2f,Germany,State-19,City-123,31035,95.33,2025-02-21 17:23:47
LOC-4402edea,Australia,State-42,City-159,88424,27.29,2025-11-12 10:21:34
LOC-508fa08e,India,State-16,City-87,25111,27.01,2025-12-02 03:52:37
LOC-f0354766,Germany,State-39,City-36,62311,8.68,2025-01-22 11:06:21
LOC-cc0821ab,Germany,State-34,City-131,33716,79.63,2025-01-11 16:09:50
LOC-781f0b82,Canada,State-23,City-14,66549,72.1,2025-04-06 18:17:17
LOC-ef436a7b,India,State-34,City-88,17648,82.17,2025-06-05 12:14:20
LOC-3db8ae85,Australia,State-44,City-10,18490,14.86,2025-11-05 20:58:14
LOC-c4f97c8e,India,State-34,City-13,77862,53.24,2025-10-24 13:57:21
LOC-60ea8571,Germany,State-37,City-145,12572,51.65,2025-08-08 17:10:36
LOC-b214056a,Canada,State-7,City-92,79180,73.91,2025-07-29 15:06:16
LOC-eb00f7b7,Brazil,State-15,City-159,75781,46.02,2025-01-21 09:47:34
LOC-e75593ae,USA,State-3,City-135,50712,27.84,2025-09-17 16:41:42
LOC-41d68b24,Australia,State-38,City-16,98242,53.3,2025-10-03 05:04:19
LOC-b3146437,India,State-13,City-134,87706,82.8,2025-10-26 14:53:35
LOC-ecf14f31,Australia,State-31,City-41,35962,60.71,2025-08-21 11:19:17
LOC-8088a522,Canada,State-8,City-124,97054,46.76,2025-10-13 22:15:34
LOC-4e6af2da,USA,State-27,City-109,92456,30.61,2025-04-19 21:59:21
LOC-be2dcbb3,Brazil,State-49,City-166,53632,28.38,2025-12-13 01:17:10
LOC-6d5c35c0,Canada,State-30,City-121,36582,78.69,2025-01-14 02:09:47
LOC-cac395fa,Germany,State-40,City-70,81145,17.28,2025-07-24 23:19:53
LOC-92c8be22,UK,State-31,City-28,46354,59.2,2025-07-28 11:30:23
LOC-b0a4bedc,India,State-16,City-89,92670,26.62,2025-08-27 07:17:16
LOC-e86367c8,Canada,State-3,City-100,23252,88.24,2025-06-22 23:32:26
LOC-061671fa,Australia,State-16,City-66,14718,26.06,2025-11-06 06:42:29
LOC-1c5a8543,Brazil,State-25,City-78,29106,32.62,2025-09-17 00:22:01
LOC-7f7c61ac,Germany,State-19,City-101,59854,14.06,2025-05-30 23:50:03
LOC-e6702f54,Canada,State-35,City-1,85107,60.51,2025-11-16 00:18:00
LOC-7a380b9c,India,State-38,City-116,20045,40.04,2025-06-11 08:02:21
LOC-d8cb5913,Canada,State-44,City-113,67988,6.46,2025-04-09 11:22:28
LOC-838e0c3d,Australia,State-6,City-26,15205,40.4,2025-12-12 16:57:01
LOC-eb696253,USA,State-48,City-17,82856,30.22,2025-07-03 22:28:28
LOC-f84ee004,Australia,State-18,City-37,99626,29.21,2025-08-10 02:29:33
LOC-7be93755,UK,State-37,City-79,12175,4.21,2025-03-22 21:25:23
LOC-be790ac9,UK,State-47,City-114,88052,66.87,2025-04-10 13:06:18
LOC-d51f5c94,India,State-21,City-111,90669,62.1,2025-04-28 03:00:15
LOC-1e091ef5,India,State-13,City-126,47289,69.14,2025-07-04 23:21:47
LOC-812381e1,India,State-46,City-39,93108,94.62,2025-07-29 17:13:18
LOC-d7b9266c,Brazil,State-47,City-14,51834,33.63,2025-10-09 13:49:58
LOC-16934a3d,Australia,State-41,City-165,29184,94.24,2025-01-24 23:50:24
LOC-d188d684,Germany,State-47,City-137,86529,79.11,2025-07-11 19:09:47
LOC-582a22ec,Germany,State-18,City-57,92121,6.9,2025-12-29 22:38:20
LOC-42229613,Brazil,State-4,City-151,10745,24.52,2025-10-03 09:41:55
LOC-e967318f,Germany,State-35,City-187,47072,73.93,2025-12-27 09:08:28
LOC-6b3ea359,Brazil,State-28,City-146,21348,57.21,2025-11-29 15:27:41
LOC-2412bbb6,USA,State-46,City-118,32053,68.84,2025-11-19 17:32:25
LOC-e39d4c5f,UK,State-50,City-89,12902,84.69,2025-04-05 10:26:28
LOC-987980db,Germany,State-45,City-35,95088,55.19,2025-03-06 17:26:37
LOC-f446df22,Australia,State-26,City-55,82423,42.48,2025-10-08 17:44:30
LOC-1d353698,UK,State-50,City-7,15570,83.78,2025-02-04 19:34:51
LOC-6b1c08c1,Brazil,State-38,City-161,52877,6.55,2025-07-21 09:28:57
LOC-55122d97,Australia,State-10,City-139,42703,80.48,2025-02-23 05:04:53
LOC-098144f3,Australia,State-24,City-175,48660,13.43,2025-08-27 02:26:42
LOC-1e76e3a8,UK,State-12,City-196,60950,11.78,2025-03-23 02:12:55
LOC-880a9553,Canada,State-9,City-166,92492,61.3,2025-07-10 22:40:53
LOC-6eae5371,Australia,State-33,City-55,55375,68.12,2025-09-06 05:16:31
LOC-4bea521a,Brazil,State-22,City-113,98033,25.43,2025-11-22 05:32:37
LOC-04900c33,India,State-23,City-147,47752,49.62,2025-02-18 21:03:27
LOC-f8c525cc,USA,State-3,City-191,31565,28.15,2025-02-12 03:15:53
LOC-b28582c8,Brazil,State-32,City-104,51664,84.37,2025-11-09 20:59:31
LOC-b9a643af,USA,State-33,City-148,74074,44.96,2025-08-07 20:06:43
LOC-a2b1997b,Canada,State-22,City-61,66527,87.48,2025-02-25 23:53:41
LOC-241723aa,USA,State-17,City-68,60236,39.58,2025-10-20 16:25:44
LOC-2618d17f,Germany,State-38,City-170,35932,11.21,2025-05-12 03:33:49
LOC-8e59f307,USA,State-11,City-155,60597,43.63,2025-01-20 13:15:20
LOC-6acfe663,Canada,State-20,City-14,68959,76.84,2025-08-31 21:29:03
LOC-f7ca7da4,Germany,State-17,City-184,26411,9.16,2025-04-02 17:46:34
LOC-22382d11,USA,State-43,City-178,96457,21.34,2025-12-29 09:41:34
LOC-8caa170e,Canada,State-24,City-184,35328,69.74,2025-12-29 08:50:38
LOC-a542d1cc,USA,State-50,City-175,95356,28.22,2025-02-16 12:58:43
LOC-7dab6492,Germany,State-26,City-155,87289,93.47,2025-03-03 23:03:49
LOC-5b337608,USA,State-5,City-58,15312,18.59,2025-07-04 05:41:43
LOC-737054c0,USA,State-42,City-59,25334,96.1,2025-05-08 15:20:28
LOC-01a5f076,USA,State-22,City-37,53209,61.04,2025-10-17 19:43:00
LOC-c09f6e76,USA,State-6,City-122,25102,45.2,2025-02-21 05:40:11
LOC-81e12fd5,Australia,State-40,City-82,67476,97.79,2025-10-22 14:16:54
LOC-884ab63f,UK,State-38,City-141,61162,66.76,2025-11-15 15:20:03
LOC-11157aa8,Brazil,State-48,City-81,12464,95.19,2025-02-03 23:19:57
LOC-4e327c11,India,State-1,City-33,67400,44.85,2025-12-10 01:00:53
LOC-15c32691,Germany,State-16,City-17,76587,42.09,2025-11-26 04:12:26
LOC-44ef0afe,Australia,State-24,City-189,42604,14.8,2025-09-19 11:31:26
LOC-8cf67637,Brazil,State-1,City-5,11238,13.43,2025-06-28 01:50:12
LOC-c834f643,Germany,State-17,City-190,23827,68.32,2025-09-24 09:46:43
LOC-bdcd889b,Canada,State-43,City-29,36438,57.99,2025-12-08 05:18:09
LOC-ec79a373,Canada,State-40,City-169,73610,86.26,2025-10-12 13:48:42
LOC-7b8f5a03,UK,State-27,City-72,55645,69.95,2025-06-13 18:39:24
LOC-d6abec44,Brazil,State-33,City-173,89541,64.43,2025-10-23 03:45:23
LOC-41caeaa4,UK,State-18,City-116,64322,94.77,2025-08-05 09:29:45
LOC-d1ee44bc,Canada,State-41,City-57,65070,2.03,2025-07-19 03:06:47
LOC-e3d8d4c0,USA,State-21,City-21,23596,57.48,2025-01-10 01:00:22
LOC-a1737342,UK,State-7,City-50,74996,85.53,2025-10-14 07:56:07
LOC-7a71f3d1,Canada,State-29,City-186,43615,87.79,2025-07-19 06:38:28
LOC-f8faa32d,Germany,State-38,City-162,81764,68.23,2025-08-17 02:57:34
LOC-f4e97711,Canada,State-34,City-38,54785,60.41,2025-04-26 05:28:07
LOC-6328b2d9,USA,State-36,City-192,99391,12.46,2025-10-22 00:29:42
LOC-1ee1e5bb,Australia,State-20,City-13,51782,48.21,2025-06-03 16:56:21
LOC-901fdc29,Brazil,State-1,City-142,46657,25.25,2025-10-17 07:46:56
LOC-4d16e9cc,Brazil,State-21,City-157,96377,8.51,2025-03-24 05:19:44
LOC-3962cd45,Australia,State-50,City-109,18274,41.64,2025-12-12 20:00:56
LOC-3f3a478f,USA,State-21,City-6,10980,15.48,2025-08-13 20:39:32
LOC-c9c32e9a,USA,State-26,City-147,56288,42.16,2025-07-16 12:29:50
LOC-13e831ae,Brazil,State-7,City-115,33743,59.03,2025-06-09 07:39:41
LOC-a7df81d1,India,State-38,City-37,64153,83.08,2025-08-24 08:47:38
LOC-001b69a3,UK,State-23,City-181,67488,96.27,2025-08-06 13:03:25
LOC-2526fd3f,Brazil,State-13,City-137,98158,65.65,2025-11-29 12:09:27
LOC-6c25672b,UK,State-47,City-50,64371,81.37,2025-02-13 12:27:25
LOC-77661081,Germany,State-5,City-133,45002,49.2,2025-12-04 17:44:34
LOC-81f124e0,Canada,State-1,City-103,54837,44.34,2025-02-18 13:17:12
LOC-194ed5a6,UK,State-41,City-47,56373,39.25,2025-05-13 21:44:59
LOC-1a278283,Brazil,State-3,City-47,36821,40.66,2025-07-10 20:15:12
LOC-1927a225,UK,State-46,City-101,72465,45.9,2025-12-29 10:48:53
LOC-d0a3004d,Brazil,State-30,City-41,22854,5.26,2025-05-04 18:43:15
LOC-a1a354ce,USA,State-16,City-30,72624,33.93,2025-12-23 02:44:34
LOC-8028faad,Canada,State-46,City-62,82479,33.83,2025-12-27 22:53:54
LOC-99630ee7,Canada,State-31,City-101,39816,47.34,2025-04-05 14:57:09
LOC-d558ca78,UK,State-43,City-80,92311,38.78,2025-07-29 01:18:42
LOC-71e4b1b7,USA,State-9,City-57,70654,16.92,2025-01-10 05:22:26
LOC-d5d65419,Canada,State-13,City-114,27895,79.5,2025-01-08 15:23:26
LOC-b003f588,Germany,State-48,City-126,13688,38.55,2025-02-10 01:14:26
LOC-fa4b51ec,Australia,State-6,City-140,53359,23.4,2025-11-14 03:58:17
LOC-cf8d5737,India,State-10,City-200,66296,48.16,2025-12-19 01:18:21
LOC-1c044ae4,Germany,State-46,City-52,25976,22.59,2025-07-15 11:36:11
LOC-387e4772,Australia,State-5,City-113,25393,55.49,2025-10-09 03:18:41
LOC-9e666033,Germany,State-31,City-127,94812,59.1,2025-07-08 18:10:37
LOC-65756e19,Canada,State-10,City-117,86349,82.62,2025-09-01 14:08:43
LOC-f32e6164,India,State-18,City-149,29607,54.98,2025-09-16 07:47:09
LOC-a001a12a,Australia,State-3,City-96,33355,7.87,2025-11-25 14:02:46
LOC-84290f0e,Brazil,State-39,City-87,60032,97.59,2025-11-12 14:16:26
LOC-5e0c8aac,UK,State-23,City-186,28547,17.07,2025-10-03 09:11:37
LOC-297d19d3,Canada,State-29,City-51,54216,57.77,2025-07-13 09:38:18
LOC-54456d93,India,State-19,City-125,53376,67.17,2025-07-09 10:49:13
LOC-6bb7cb54,USA,State-14,City-82,96742,82.22,2025-07-03 15:33:08
LOC-af15a3ad,Germany,State-10,City-94,40995,55.68,2025-01-14 05:35:34
LOC-d58741c1,Australia,State-7,City-178,82921,70.65,2025-05-30 22:30:09
LOC-312e6c1a,Brazil,State-43,City-92,49165,88.73,2025-01-02 04:54:09
LOC-5110fb39,USA,State-1,City-147,91242,51.57,2025-10-20 11:45:21
LOC-a439f550,India,State-47,City-92,74935,71.24,2025-04-17 13:19:54
LOC-a7903ea9,Brazil,State-33,City-118,50747,66.29,2025-11-23 16:35:02
LOC-c90afc10,India,State-7,City-43,77214,47.59,2025-04-09 22:35:07
LOC-a0fa69ea,Brazil,State-42,City-87,65293,50.3,2025-10-10 07:14:05
LOC-9cc017ff,India,State-41,City-104,97014,8.72,2025-03-11 22:24:25
LOC-90df452c,Germany,State-34,City-187,59489,26.09,2025-11-19 21:24:45
LOC-fadfeda7,Australia,State-10,City-186,36269,90.16,2025-05-22 17:44:30
LOC-a72fbc67,Brazil,State-14,City-175,60766,8.1,2025-08-10 03:55:18
LOC-cb6e02cc,India,State-16,City-181,85895,4.16,2025-07-25 15:01:13
LOC-a30acaaf,India,State-17,City-27,57522,9.6,2025-10-03 10:14:53
LOC-9c1c13ed,Brazil,State-25,City-158,48646,12.05,2025-12-09 00:00:53
LOC-72f6cad0,Canada,State-18,City-173,43814,12.8,2025-08-09 20:20:08
LOC-49b516c9,Canada,State-46,City-73,44977,5.24,2025-02-08 08:19:58
LOC-6170b603,India,State-32,City-113,15111,4.41,2025-02-14 00:38:33
LOC-0b93efa8,Brazil,State-33,City-89,48456,57.03,2025-09-09 22:09:24
LOC-0d969654,Germany,State-26,City-81,31457,30.24,2025-06-21 06:12:12
LOC-a2cebafc,Germany,State-14,City-72,98421,11.79,2025-09-06 13:42:56
LOC-c5970a2a,Australia,State-14,City-15,26306,24.07,2025-11-27 00:05:38
LOC-966b0679,Canada,State-30,City-173,19438,88.92,2025-03-08 05:41:25
LOC-89d0e89c,Australia,State-32,City-137,58020,35.64,2025-10-23 11:08:27
LOC-0467e820,Brazil,State-2,City-66,16022,75.42,2025-09-04 14:52:58
LOC-b241381a,India,State-15,City-37,60385,5.69,2025-06-07 05:30:17
LOC-d205d707,Australia,State-47,City-109,23476,83.33,2025-05-22 02:20:40
LOC-c14cbae3,Germany,State-33,City-102,78379,60.07,2025-11-20 10:10:58
LOC-cbdcfce7,Australia,State-30,City-130,77623,8.26,2025-07-12 10:15:29
LOC-eab69120,Brazil,State-42,City-106,30528,42.96,2025-06-29 10:41:59
LOC-d5fd7749,Brazil,State-47,City-61,94274,3.07,2025-08-14 14:31:12
LOC-48b078d5,UK,State-36,City-9,45972,68.8,2025-04-03 07:42:26
LOC-077f854c,Germany,State-14,City-66,42310,41.44,2025-09-14 14:29:30
LOC-c448ac58,USA,State-16,City-80,62713,85.14,2025-10-21 18:21:35
LOC-f8104197,Canada,State-32,City-71,30830,26.62,2025-12-15 16:24:41
LOC-177a60ce,Brazil,State-2,City-197,68674,16.64,2025-03-11 16:39:48
LOC-18b44b3c,USA,State-24,City-139,68917,44.26,2025-06-09 20:14:14
LOC-18a63b2a,UK,State-26,City-155,26790,0.26,2025-11-30 23:21:55
